name,label,category
maize,Maize ( Zea mays L.),Cereals Crops
bread_wheat,Bread wheat (Triticum aestivum L.),Cereals Crops
durum_wheat,Durum Wheat,Cereals Crops
food_barley,Food Barley,Cereals Crops
malt_barley,Malt Barley,
tef,Tef ( Eragrostis tef),Cereals Crops
sorghum,Sorghum (Sorghum bicolor),Cereals Crops
millet,Millet,
rice,Rice,
finger_millet,Finger Millet,
haricot_bean,Haricot Bean,
triticale,Triticale,
emmer_wheat,Emmer wheat (Aja),
buck_wheat,Buck wheat,Other Crops
pearl_millet,Pearl millet,
foxtail_millet,Foxtail millet,
quinoa,Quinoa,
food_oat,Food oat,
faba_bean,Faba bean,
field_pea,Field pea,Pulses Crops
dekoko,Dekoko,
chickpea,Chickpea,
cowpea,Cowpea,
lentil,Lentil,
common_haricot_bean,Common/Haricot/ bean,Pulses Crops
soybean,Soybean,
grass_pea_guaya,Grass pea/ ''Guaya'',
mung_bean,Mung bean,
fenugreek,Fenugreek,
noug,Noug,
linseed,Linseed,
rapeseed,Rapeseed,
sesame,Sesame,Oil Crops
groundnut,Groundnut,
sunflower,Sunflower,
safflower,Safflower,
vernonia,Vernonia,
castor,Castor,
camelina_sativa,Camelina sativa,
irish_potato,Irish potato,
sweet_potato,Sweet potato,
taro,Taro,
cassava,Cassava,
enset,Enset,
yam,Yam,
tomato,Tomato,
garlic,Garlic,
onion,Onion,
shallot,Shallot,
sweet_hot_pepper,Sweet/Hot Pepper,
cabbage,Cabbage,
carrot,Carrot,
okra,Okra,
anchote,Anchote,"Tubers, Roots & Vegetable Crops"
summer_squash,Summer squash,
summarsquash,Summarsquash,
coriander,Coriander,
black_pepper,Black pepper,
ginger,Ginger,
turmeric,Turmeric,
cardamom,Cardamom,
sweet_annie,Sweet annie,
citronella_grass,Citronella grass,
pyrethrum,Pyrethrum,
cumin,Cumin,
lemmon_grass,Lemmon grass,
speare_mint,Speare mint,
spanish_mint,Spanish mint,
african_marigold,African marigold,
rose_scented_geranium,Rose Scented Geranium,
chamomile,Chamomile,
lemon_verbena,Lemon verbena,
stevia,Stevia,
hibiscus,Hibiscus,
lavender,Lavender,
majoram_oregano,Majoram/Oregano,
sage,Sage,
vanilla,Vanilla,
basil,Basil,
banana,Banana,
mango,Mango,
pineapple,Pineapple,
wine_grape,Wine grape,
avocado,Avocado,Fruit Crops
date_palm,Date palm,
tree_lucerne,Tree lucerne,
elephant_grass,Elephant grass,
rhode,Rhode,
panicum,Panicum,
dolicos_lablab,Dolicos lablab,
phalaries,Phalaries,
trifolium,Trifolium,
vetch,Vetch,
cow_pea,Cow pea,
andropogon,Andropogon,Forage and Pasture Crops
pigeon_pea,Pigeon pea,
oats,Oats,
sesbania,Sesbania,
pennisetum_polystachion,Pennisetum polystachion,
panicum_maximum,Panicum maximum,
lupin,Lupin,
alfalfa,Alfalfa (Medicago sativa),Forage and Pasture Crops
pennisetum_sphacelatum,Pennisetum sphacelatum,
perennial_grass,Perennial grass,
desho_grass,Desho grass,
napier_grass,Napier grass,
local_forage_legume,Local forage legume,
mulberry,Mulberry,
cotton,Cotton,
kenaf,Kenaf,
sugarcane,Sugarcane,
coffee,Coffee,
tobaco,Tobaco,
adzuki_bean,Adzuki bean,Pulses Crops
lima_bean,Lima bean,
lettuce,Lettuce,
water_melon,Water melon,
musk_melon,Musk melon,
broccoli,Broccoli,"Tubers, Roots & Vegetable Crops"
cauliflower,Cauliflower,
snap_pea,Snap pea,
snow_pea,Snow pea,
sweet_corn,Sweet corn,
kororima,Kororima,
rose,Rose,
brachiaria_brizantha_cv_xaraes_descriptors,Brachiaria brizantha cv. Xaraes descriptors,
sorghum_forage,Sorghum forage,
forage_soyabean,Forage Soyabean,
cacao,Cacao,
ethiopian_mustard,Ethiopian mustard,Oil Crops
