zone,name,label
ET0101,ET010111,Adi Daero
ET0101,ET010105,Asgede
ET0101,ET010114,Endabaguna town
ET0101,ET010109,Laelay Koraro
ET0101,ET010115,Laelay Tselemti
ET0101,ET010112,Maekel Adiyabo
ET0101,ET010116,May Tsebri town
ET0101,ET010110,Seyemti Adyabo
ET0101,ET010107,Sheraro town
ET0101,ET010108,Shire Endaslasie town
ET0101,ET010101,Tahtay Adiyabo
ET0101,ET010104,Tahtay Koraro
ET0101,ET010106,Tselemti
ET0101,ET010113,Tsimbla
ET0101,ET010103,Zana
ET0102,ET010210,Abergele (TG)
ET0102,ET010211,Abyi  Adi town
ET0102,ET010207,Adet
ET0102,ET010204,Adwa
ET0102,ET010212,Adwa town
ET0102,ET010202,Aheferom
ET0102,ET010215,Ahsea
ET0102,ET010213,Axum town
ET0102,ET010201,Chila
ET0102,ET010216,Egela
ET0102,ET010219,Emba Sieneti
ET0102,ET010203,Endaba Tsahma
ET0102,ET010218,Endafelasi
ET0102,ET010220,Enticho town
ET0102,ET010217,Hahayle
ET0102,ET010221,Keyhe tekli
ET0102,ET010208,Kola Tembien
ET0102,ET010205,Laelay Maychew
ET0102,ET010209,Naeder
ET0102,ET010214,Rama Adi Arbaete
ET0102,ET010206,Tahtay Maychew
ET0102,ET010222,Tanqua Melashe
ET0103,ET010308,Adigrat town
ET0103,ET010316,Agulae
ET0103,ET010307,Atsbi
ET0103,ET010315,Atsbi town
ET0103,ET010310,Bizet
ET0103,ET010311,Edaga Hamus town
ET0103,ET010302,Erob
ET0103,ET010313,Freweyni town
ET0103,ET010304,Ganta Afeshum
ET0103,ET010317,Geraleta
ET0103,ET010301,Gulo Mekeda
ET0103,ET010305,Hawzen
ET0103,ET010312,Hawzen town
ET0103,ET010306,Kilte Awulaelo
ET0103,ET010303,Sebuha Saesie
ET0103,ET010314,Tsaeda Emba
ET0103,ET010309,Wukro town
ET0103,ET010318,Zala Anbesa town
ET0104,ET010411,Alamata town
ET0104,ET010402,Bora (TG)
ET0104,ET010414,Chercher
ET0104,ET010404,Emba Alaje
ET0104,ET010405,Endamehoni
ET0104,ET010410,Korem town
ET0104,ET010409,Maichew town
ET0104,ET010412,Mekhoni town
ET0104,ET010403,Neqsege
ET0104,ET010408,Ofla
ET0104,ET010407,Raya Alamata
ET0104,ET010406,Raya Azebo
ET0104,ET010401,Selewa
ET0104,ET010413,Zata
ET0105,ET010507,Awra (TG)
ET0105,ET010506,Dansha town
ET0105,ET010501,Kafta Humera
ET0105,ET010508,Korarit
ET0105,ET010509,May Gaba
ET0105,ET010505,May Kadra
ET0105,ET010504,Setit Humera town
ET0105,ET010503,Tsegede (TG)
ET0105,ET010502,Welkait
ET0106,ET010607,Adigudom
ET0106,ET010604,Degua Temben
ET0106,ET010602,Enderta
ET0106,ET010605,Hagere Selam town
ET0106,ET010603,Hintalo
ET0106,ET010601,Saharti
ET0106,ET010606,Samre
ET0106,ET010608,Wajirat
ET0107,ET010705,Adihaki Sub City
ET0107,ET010703,Ayder Sub City
ET0107,ET010702,Hadnet Sub City
ET0107,ET010704,Hawelti Sub City
ET0107,ET010701,Kuiha Sub City
ET0107,ET010706,Qedamay Weyane Sub City
ET0107,ET010707,Semen Sub City
ET0201,ET020109,Adar
ET0201,ET020104,Afambo
ET0201,ET020103,Asayita
ET0201,ET020111,Asayita town
ET0201,ET020106,Chifra
ET0201,ET020113,Chifra town
ET0201,ET020101,Dubti
ET0201,ET020107,Dubti town
ET0201,ET020102,Elidar
ET0201,ET020108,Kori
ET0201,ET020105,Mile
ET0201,ET020112,Mile town
ET0201,ET020198,Samera Logiya town
ET0202,ET020203,Abaala
ET0202,ET020209,Abaala town
ET0202,ET020207,Afdera
ET0202,ET020205,Berahile
ET0202,ET020208,Bidu
ET0202,ET020206,Dalol
ET0202,ET020201,Erebti
ET0202,ET020202,Kunneba
ET0202,ET020204,Megale
ET0202,ET020210,Wasama
ET0203,ET020308,Abida
ET0203,ET020301,Amibara
ET0203,ET020306,Arguba
ET0203,ET020302,Awash Fantale
ET0203,ET020396,Awash town
ET0203,ET020309,Borimodaytu
ET0203,ET020304,Dulecha
ET0203,ET020305,Gala'alu
ET0203,ET020303,Gewane
ET0203,ET020307,Hanruka
ET0203,ET020310,Werer
ET0204,ET020401,Awra (AF)
ET0204,ET020402,Euwa
ET0204,ET020405,Gulina
ET0204,ET020406,Mabay
ET0204,ET020403,Teru
ET0204,ET020404,Yalo
ET0205,ET020504,Dalefage
ET0205,ET020503,Dawe
ET0205,ET020505,Hadelela
ET0205,ET020502,Samurobi
ET0205,ET020501,Telalek
ET0206,ET020601,Gerani
ET0206,ET020602,Kilalu
ET0206,ET020604,Sibaybi
ET0206,ET020603,Yangudi
ET0301,ET030101,Addi Arekay
ET0301,ET030102,Beyeda
ET0301,ET030105,Dabat
ET0301,ET030108,Dabat Ketema Astedader
ET0301,ET030106,Dabat town
ET0301,ET030104,Debark
ET0301,ET030107,Debark City Administration
ET0301,ET030198,Debark town
ET0301,ET030103,Janamora
ET0301,ET030119,Telemt
ET0302,ET030299,Addis Zemen town
ET0302,ET030211,Andabet/ West Esite
ET0302,ET030210,Debre Tabor town
ET0302,ET030209,Dera (AM)
ET0302,ET030208,East Esite
ET0302,ET030201,Ebenat
ET0302,ET030217,Ebenat town
ET0302,ET030204,Farta
ET0302,ET030203,Fogera
ET0302,ET030212,Guna Begemider
ET0302,ET030218,Hamusit town
ET0302,ET030205,Lay Gayint
ET0302,ET030202,Libokemekem
ET0302,ET030298,Mekan Eyesuse
ET0302,ET030213,Mena Meketewa
ET0302,ET030215,Nefas Mewicha town
ET0302,ET030214,Sede Muja
ET0302,ET030207,Semada
ET0302,ET030206,Tach Gayint
ET0302,ET030216,Wegeda town
ET0302,ET030293,Woreta town
ET0303,ET030313,Angot
ET0303,ET030301,Bugna
ET0303,ET030311,Dawunt
ET0303,ET030314,Filakit town
ET0303,ET030315,Gashena town
ET0303,ET030312,Gazo
ET0303,ET030303,Gidan
ET0303,ET030307,Guba Lafto
ET0303,ET030308,Habru
ET0303,ET030306,Hara town
ET0303,ET030399,Kobo town
ET0303,ET030398,Lalibela town
ET0303,ET030310,Lasta
ET0303,ET030304,Meket
ET0303,ET030397,Mersa town
ET0303,ET030302,Raya Kobo
ET0303,ET030305,Wadla
ET0303,ET030309,Woldiya town
ET0304,ET030427,Akeseta town
ET0304,ET030408,Albuko
ET0304,ET030404,Ambasel
ET0304,ET030401,Argoba
ET0304,ET030412,Borena /Debresina
ET0304,ET030425,Degolo town
ET0304,ET030406,Delanta
ET0304,ET030418,Dessie town
ET0304,ET030409,Dessie Zuria
ET0304,ET030429,Harbu town
ET0304,ET030499,Hike town
ET0304,ET030414,Jama
ET0304,ET030407,Kalu
ET0304,ET030426,Kelala town
ET0304,ET030413,Kelela
ET0304,ET030417,Kombolcha town
ET0304,ET030403,Kutaber
ET0304,ET030410,Legambo
ET0304,ET030420,Legehida
ET0304,ET030419,Mehal Sayint
ET0304,ET030498,Mekane Selame
ET0304,ET030421,Mekdela
ET0304,ET030411,Sayint
ET0304,ET030402,Tenta
ET0304,ET030405,Thehulederie
ET0304,ET030428,Tulu Awlia town
ET0304,ET030416,Wegedie
ET0304,ET030430,Wegedie town
ET0304,ET030424,Wegel tena town
ET0304,ET030415,Were Ilu
ET0304,ET030423,Wereilu town
ET0304,ET030422,Worebabu
ET0305,ET030599,Aleme Ketma town
ET0305,ET030513,Angolelana Tera
ET0305,ET030515,Ankober
ET0305,ET030507,Antsokiya
ET0305,ET030525,Arerti town
ET0305,ET030532,Arerti Town Administration
ET0305,ET030514,Assagirt
ET0305,ET030598,Ataye town
ET0305,ET030519,Basona Worena
ET0305,ET030517,Berehet
ET0305,ET030531,Bulga Town Administration
ET0305,ET030520,Debre Berhan town
ET0305,ET030527,Debre Sina town
ET0305,ET030530,Debre sina Town Adminstration
ET0305,ET030508,Eferatana Gidem
ET0305,ET030528,Enewari town
ET0305,ET030503,Ensaro
ET0305,ET030506,Gishe Rabel
ET0305,ET030516,Hagere Mariam
ET0305,ET030512,Kewet
ET0305,ET030597,Mehal Meda town
ET0305,ET030505,Menze Gera Midir
ET0305,ET030521,Menze Keya Gabriel
ET0305,ET030522,Menze Lalo Midir
ET0305,ET030509,Menze Mama Midir
ET0305,ET030502,Merhabete
ET0305,ET030501,Mida Woremo
ET0305,ET030518,Minjar Shenkora
ET0305,ET030511,Mojan Wedera
ET0305,ET030526,Molale town
ET0305,ET030529,Molale Town Administration
ET0305,ET030504,Moretna Jiru
ET0305,ET030595,Shoa Robit
ET0305,ET030523,Siya Debirna Wayu
ET0305,ET030510,Tarema Ber
ET0305,ET030524,Tulefa town
ET0306,ET030618,Amanuel town
ET0306,ET030617,Aneded
ET0306,ET030612,Awabel
ET0306,ET030611,Baso Liben
ET0306,ET030699,Bechena town
ET0306,ET030601,Bibugn
ET0306,ET030607,Debay Telatgen
ET0306,ET030608,Debre Elias
ET0306,ET030615,Debre Markos town
ET0306,ET030621,Debrework town
ET0306,ET030613,Dejen
ET0306,ET030698,Dejen town
ET0306,ET030605,Enarj Enawga
ET0306,ET030604,Enebse Sarmder
ET0306,ET030606,Enemay
ET0306,ET030620,Gindewoin town
ET0306,ET030603,Goncha Siso Enebse
ET0306,ET030610,Guzamn
ET0306,ET030602,Hulet Ej Enese
ET0306,ET030622,Lumame town
ET0306,ET030623,Merto Lemariyam town
ET0306,ET030609,Michakel
ET0306,ET030694,Mota town
ET0306,ET030619,Sedae
ET0306,ET030616,Senan
ET0306,ET030614,Shebel Bernta
ET0307,ET030710,Bure (AM)
ET0307,ET030798,Bure town
ET0307,ET030707,Dega Damot
ET0307,ET030708,Dembecha
ET0307,ET030717,Denbecha town
ET0307,ET030714,Finote Selam town
ET0307,ET030709,Jabi Tehnan
ET0307,ET030720,Jiga town
ET0307,ET030706,Quarit
ET0307,ET030705,Sekela
ET0307,ET030716,Shendi town
ET0307,ET030711,Wemberma
ET0308,ET030805,Abergele (AM)
ET0308,ET030809,Amde Work town
ET0308,ET030803,Dehana
ET0308,ET030804,Gaz Gibla
ET0308,ET030806,Sahila
ET0308,ET030802,Sekota
ET0308,ET030807,Sekota town
ET0308,ET030808,Tsagbeji
ET0308,ET030801,Zequala
ET0309,ET030910,Addis Kidame town
ET0309,ET030909,Agew Gimija Bet town
ET0309,ET030903,Ankasha
ET0309,ET030908,Ayehu Guwagusa
ET0309,ET030902,Banja
ET0309,ET030999,Chagni town
ET0309,ET030901,Dangila
ET0309,ET030998,Dangila town
ET0309,ET030905,Fagta Lakoma
ET0309,ET030912,Fendika town
ET0309,ET030907,Guagusa Shikudad
ET0309,ET030904,Guangua
ET0309,ET030996,Injibara town
ET0309,ET030906,Jawi
ET0309,ET030911,Tilili town
ET0309,ET030997,Zigem town
ET0310,ET031004,Artuma Fursi
ET0310,ET031002,Bati
ET0310,ET031099,Bati town
ET0310,ET031007,Chef Robit town
ET0310,ET031001,Dewa Cheffa
ET0310,ET031005,Dewa Harewa
ET0310,ET031003,Jilye Tumuga
ET0310,ET031006,Kemisie town
ET0310,ET031008,Senbete town
ET0311,ET031115,Alefa
ET0311,ET031103,Amba Giorgis town
ET0311,ET031199,Aykel town
ET0311,ET031513,Chilga
ET0311,ET031106,Chilga 1
ET0311,ET031112,Chilga 2
ET0311,ET031117,East Belesa
ET0311,ET031111,East Dembia
ET0311,ET031118,Gondar town
ET0311,ET031110,Gonder Zuria
ET0311,ET031122,Kinfaz Begela
ET0311,ET031105,Kolla Debba town
ET0311,ET031108,Lay Armacho
ET0311,ET031119,Masero Denb /Central Armacho
ET0311,ET031506,Mirabbelesa
ET0311,ET031511,Mirabdembiya
ET0311,ET031507,Misrak Belesa
ET0311,ET031512,Misrak Dembiya
ET0311,ET031104,Shawra town
ET0311,ET031120,Tach Armacho
ET0311,ET031121,Takusa
ET0311,ET031107,Tegede
ET0311,ET031109,Wegera
ET0311,ET031116,West Belesa
ET0311,ET031125,West Dembiya
ET0312,ET031205,Adagn Ager Chaqo
ET0312,ET031292,Gende Wuha town
ET0312,ET031213,Metema
ET0312,ET031224,Metema Yohanes town
ET0312,ET031223,Midre Genet
ET0312,ET031206,Mirab Armacho
ET0312,ET031214,Quara
ET0313,ET031309,Adet town
ET0313,ET031702,Bahirdar Zuriya
ET0313,ET031305,Debub Achefer
ET0313,ET031306,Debub Mecha
ET0313,ET031308,Dure Bete
ET0313,ET031307,Gonje
ET0313,ET031304,Mecha
ET0313,ET031302,Merawi town
ET0313,ET031301,Semen Achefer
ET0313,ET031303,Yilmana Densa
ET0314,ET031401,Bahir Dar town
ET0314,ET031402,Bahirdar Zuria
ET0314,ET031404,Deq
ET0314,ET031102,Fasilo
ET0314,ET031405,Meshenti town
ET0314,ET031406,Tis Abay town
ET0314,ET031403,Zege town
ET0401,ET040107,Ayira
ET0401,ET040111,Babo
ET0401,ET040116,Begi
ET0401,ET040110,Boji Chekorsa
ET0401,ET040106,Boji Dirmeji
ET0401,ET040113,Gaji
ET0401,ET040103,Gimbi
ET0401,ET040193,Gimbi town
ET0401,ET040109,Gudetu Kondole
ET0401,ET040119,Guliso
ET0401,ET040114,Haru
ET0401,ET040117,Homa
ET0401,ET040108,Jarso (West Wellega)
ET0401,ET040105,Kiltu Kara
ET0401,ET040104,Lalo Asabi
ET0401,ET040197,Leta Sibu
ET0401,ET040101,Mana Sibu
ET0401,ET040198,Mendi town
ET0401,ET040102,Nejo
ET0401,ET040199,Nejo town
ET0401,ET040115,Nole Kaba
ET0401,ET040118,Sayo Nole
ET0401,ET040112,Yubdo
ET0402,ET040218,Anger Gute Town
ET0402,ET040207,Bila Seyo
ET0402,ET040205,Boneya Boshe
ET0402,ET040210,Diga
ET0402,ET040203,Gida Ayana
ET0402,ET040208,Gobu Seyo
ET0402,ET040213,Guto Gida
ET0402,ET040204,Haro Limu
ET0402,ET040202,Ibantu
ET0402,ET040214,Jimma Arjo
ET0402,ET040217,Kiremu
ET0402,ET040212,Leka Dulecha
ET0402,ET040201,Limu (OR)
ET0402,ET040297,Nekemte town
ET0402,ET040215,Nunu Kumba
ET0402,ET040211,Sasiga
ET0402,ET040209,Sibu Sire
ET0402,ET040216,Wama Hagalo
ET0402,ET040206,Wayu Tuka
ET0403,ET040311,Ale
ET0403,ET040302,Alge Sachi
ET0403,ET040314,Becho (Ilu Aba Bora)
ET0403,ET040315,Bilo Nopha
ET0403,ET040312,Bure (OR)
ET0403,ET040301,Darimu
ET0403,ET040317,Didu
ET0403,ET040324,Dorani
ET0403,ET040319,Halu /Huka
ET0403,ET040316,Hurumu
ET0403,ET040320,Metu town
ET0403,ET040310,Metu Zuria
ET0403,ET040313,Sale Nono
ET0403,ET040309,Yayu
ET0404,ET040417,Agaro town
ET0404,ET040495,Botor Tolay
ET0404,ET040415,Chora (Jimma)
ET0404,ET040410,Dedo
ET0404,ET040408,Gera
ET0404,ET040407,Goma
ET0404,ET040416,Gumay
ET0404,ET040418,Jimma town
ET0404,ET040405,Kersa (Jimma)
ET0404,ET040402,Limu Kosa
ET0404,ET040401,Limu Seka
ET0404,ET040490,Mancho
ET0404,ET040406,Mena (Jimma)
ET0404,ET040499,Nono Benja
ET0404,ET040491,Omo Beyam
ET0404,ET040411,Omo Nada
ET0404,ET040409,Seka Chekorsa
ET0404,ET040403,Sekoru
ET0404,ET040413,Setema
ET0404,ET040414,Shebe Sambo
ET0404,ET040412,Sigmo
ET0404,ET040404,Tiro Afeta
ET0405,ET040516,Abuna Ginde Beret
ET0405,ET040513,Adda Berga
ET0405,ET040515,Ambo town
ET0405,ET040503,Ambo Zuria
ET0405,ET040506,Bako Tibe
ET0405,ET040505,Cheliya
ET0405,ET040592,Cobi
ET0405,ET040507,Dano
ET0405,ET040510,Dendi
ET0405,ET040511,Ejere /Addis Alem
ET0405,ET040590,Ejersa Lafo
ET0405,ET040501,Ginde Beret
ET0405,ET040512,Holeta town
ET0405,ET040519,Ifata
ET0405,ET040500,Illu Galan
ET0405,ET040502,Jeldu
ET0405,ET040518,Jibat
ET0405,ET040597,Liban Jawi
ET0405,ET040514,Meta Robi
ET0405,ET040594,Meta Walkite
ET0405,ET040504,Mida Kegn
ET0405,ET040508,Nono
ET0405,ET040509,Tikur Enchini
ET0405,ET040517,Toke Kutaye
ET0405,ET040520,Welmera
ET0406,ET040609,Abichugna Gne'a
ET0406,ET040617,Aleltu
ET0406,ET040619,Bereh
ET0406,ET040621,Chancho town
ET0406,ET040607,Debre Libanos
ET0406,ET040605,Degem
ET0406,ET040602,Dera (OR)
ET0406,ET040613,Fiche town
ET0406,ET040616,Garba Guracha
ET0406,ET040606,Gerar Jarso
ET0406,ET040603,Hidabu Abote
ET0406,ET040612,Jida
ET0406,ET040615,Jida
ET0406,ET040610,Kimbibit
ET0406,ET040604,Kuyu
ET0406,ET040622,Mulo
ET0406,ET040623,Sendafa town
ET0406,ET040611,Sheno town
ET0406,ET040620,Sululta
ET0406,ET040601,Wara Jarso
ET0406,ET040608,Wuchale
ET0406,ET040614,Yaya Gulele
ET0407,ET040706,Ada'a
ET0407,ET040703,Adama
ET0407,ET040714,Adama town
ET0407,ET040708,Adama Tulu Jido Kombolcha
ET0407,ET040712,Akaki
ET0407,ET040798,Batu town
ET0407,ET040709,Bishoftu town
ET0407,ET040710,Bora (OR)
ET0407,ET040702,Boset
ET0407,ET040707,Dugda
ET0407,ET040701,Fentale
ET0407,ET040705,Gimbichu
ET0407,ET040711,Liben Chukala
ET0407,ET040704,Lome (OR)
ET0407,ET040799,Metehara town
ET0407,ET040797,Mojo town
ET0408,ET040810,Amigna
ET0408,ET040802,Aseko
ET0408,ET040825,Asela town
ET0408,ET040823,Bele Gesgar
ET0408,ET040894,Bokoji town
ET0408,ET040809,Chole
ET0408,ET040815,Degeluna Tijo
ET0408,ET040895,Dera town
ET0408,ET040822,Diksis
ET0408,ET040805,Dodota
ET0408,ET040803,Golocha
ET0408,ET040819,Guna
ET0408,ET040807,Hitosa
ET0408,ET040824,Inkolo Wabe
ET0408,ET040804,Jeju
ET0408,ET040818,Limu Bilbilo
ET0408,ET040821,Lude Hitosa
ET0408,ET040801,Merti
ET0408,ET040817,Munessa
ET0408,ET040812,Robe
ET0408,ET040811,Seru
ET0408,ET040893,Shanan Kolu
ET0408,ET040814,Shirka
ET0408,ET040820,Sire
ET0408,ET040808,Sude
ET0408,ET040813,Tena
ET0408,ET040816,Tiyo
ET0408,ET040806,Ziway Dugda
ET0409,ET040906,Anchar
ET0409,ET040914,Bedesa town
ET0409,ET040910,Boke
ET0409,ET040998,Burqua Dhintu
ET0409,ET040905,Chiro town
ET0409,ET040913,Chiro Zuria
ET0409,ET040909,Daro Lebu
ET0409,ET040902,Doba
ET0409,ET040919,Gelemso Town Administration
ET0409,ET040912,Gemechis
ET0409,ET040907,Goba Koricha
ET0409,ET040991,Gumbi Bordede
ET0409,ET040908,Habro
ET0409,ET040915,Hawi Gudina
ET0409,ET040920,Hirna Town Administration
ET0409,ET040911,Kuni /Oda Bultum
ET0409,ET040918,Machara_Miceta Town Administration
ET0409,ET040904,Mesela /Shen Duggoo
ET0409,ET040901,Mieso
ET0409,ET040903,Tulo (OR)
ET0410,ET041021,Aweday Ketema
ET0410,ET041004,Babile (OR)
ET0410,ET041000,Babile town
ET0410,ET041013,Bedeno
ET0410,ET041015,Chinaksen
ET0410,ET041011,Deder
ET0410,ET041097,Deder town
ET0410,ET041005,Fedis
ET0410,ET041016,Girawa
ET0410,ET041017,Golo Oda
ET0410,ET041010,Goro Gutu
ET0410,ET041089,Goro Muti
ET0410,ET041003,Gursum (OR)
ET0410,ET041006,Haro Maya
ET0410,ET041002,Jarso (East Hararghe)
ET0410,ET041008,Kersa (East Hararge)
ET0410,ET041001,Kombolcha
ET0410,ET041098,Kumbi
ET0410,ET041007,Kurfa Chele
ET0410,ET041019,Maya town
ET0410,ET041020,Mekanisa Oromo
ET0410,ET041012,Melka Balo
ET0410,ET041009,Meta
ET0410,ET041018,Meyu Muleke
ET0410,ET041014,Midhaga Tola
ET0411,ET041101,Agarfa
ET0411,ET041104,Agarfa
ET0411,ET041108,Berbere
ET0411,ET041114,Berbere
ET0411,ET041122,Dinsho
ET0411,ET041102,Gasera
ET0411,ET041106,Gasera
ET0411,ET041105,Goba
ET0411,ET041110,Goba (OR)
ET0411,ET041120,Goba town
ET0411,ET041116,Goro (Bale)
ET0411,ET041107,Gura Damole
ET0411,ET041115,Gura Damole
ET0411,ET041111,Harena Buluk
ET0411,ET041112,Mena (Bale)
ET0411,ET041119,Robe town
ET0411,ET041103,Sinana
ET0411,ET041109,Sinana
ET0412,ET041219,Dilo
ET0412,ET041211,Dire
ET0412,ET041291,Dubluk
ET0412,ET041295,Elwaya
ET0412,ET041223,Gomole
ET0412,ET041290,Guchi
ET0412,ET041216,Miyo
ET0412,ET041210,Moyale (OR)
ET0412,ET041212,Teltale
ET0412,ET041207,Yabelo
ET0412,ET041296,Yabelo town
ET0413,ET041301,Ameya
ET0413,ET041309,Becho (SW Shewa)
ET0413,ET041304,Dawo
ET0413,ET041312,Goro (SW Shewa)
ET0413,ET041305,Ilu
ET0413,ET041307,Kersana Malima
ET0413,ET041306,Sebeta Hawas
ET0413,ET041310,Seden Sodo
ET0413,ET041314,Sodo Daci
ET0413,ET041308,Tole
ET0413,ET041303,Waliso
ET0413,ET041302,Wenchi
ET0413,ET041311,Woliso town
ET0414,ET041403,Adola
ET0414,ET041492,Adola town
ET0414,ET041482,Aga Wayu
ET0414,ET041411,Ana Sora
ET0414,ET041409,Arda Jila
ET0414,ET041402,Bore
ET0414,ET041408,Dama
ET0414,ET041410,Girja /Harenfema
ET0414,ET041490,Haro Walabu
ET0414,ET041405,Odo Shakiso
ET0414,ET041412,Saba Boru
ET0414,ET041499,Shakiso town
ET0414,ET041401,Uraga
ET0414,ET041404,Wadera
ET0415,ET041513,Abaya
ET0415,ET041596,Birbirsa Kojowa
ET0415,ET041501,Bule Hora
ET0415,ET041587,Bule Hora town
ET0415,ET041515,Dugda Dawa
ET0415,ET041517,Gelana (West Guji)
ET0415,ET041509,Hambela Wamena
ET0415,ET041502,Kercha
ET0415,ET041503,Kercha town
ET0415,ET041518,Melka Soda
ET0415,ET041594,Suro Berguda
ET0416,ET041621,Bedele town
ET0416,ET041622,Bedele Zuria
ET0416,ET041607,Borecha
ET0416,ET041603,Chora (Buno Bedele)
ET0416,ET041623,Chwaka
ET0416,ET041605,Dabo Hana
ET0416,ET041608,Dedesa
ET0416,ET041604,Dega
ET0416,ET041606,Gechi
ET0416,ET041618,Meko
ET0417,ET041710,Adaba
ET0417,ET041703,Arsi Negele
ET0417,ET041799,Arsi Negele town
ET0417,ET041707,Dodola
ET0417,ET041700,Dodola town
ET0417,ET041706,Gedeb Asasa
ET0417,ET041783,Heban Arsi
ET0417,ET041704,Kofele
ET0417,ET041713,Kofele town
ET0417,ET041708,Kokosa
ET0417,ET041705,Kore
ET0417,ET041709,Nenesebo
ET0417,ET041702,Shala
ET0417,ET041712,Shashemene
ET0417,ET041711,Shashemene town
ET0417,ET041701,Siraro
ET0417,ET041797,Wondo
ET0418,ET041807,Anfilo
ET0418,ET041808,Dale Sadi
ET0418,ET041803,Dale Wabera
ET0418,ET041806,Denbi Dollo town
ET0418,ET041804,Gawo Kebe
ET0418,ET041809,Gidami
ET0418,ET041801,Hawa Galan
ET0418,ET041810,Jimma Horo
ET0418,ET041811,Lalo Kile
ET0418,ET041805,Sayo
ET0418,ET041812,Sedi Chenka
ET0418,ET041802,Yama Logi Welel
ET0419,ET041904,Ababo
ET0419,ET041905,Abay Chomen
ET0419,ET041910,Abe Dongoro
ET0419,ET041909,Amuru
ET0419,ET041911,Choman Guduru
ET0419,ET041903,Guduru
ET0419,ET041901,Horo
ET0419,ET041912,Horo Buluk
ET0419,ET041908,Jarte Jardega
ET0419,ET041906,Jimma Genete
ET0419,ET041907,Jimma Rare
ET0419,ET041902,Shambu town
ET0419,ET041913,Sulula Finca'a
ET0420,ET042001,Burayu
ET0420,ET042002,Eka Tafo
ET0420,ET042003,Furi
ET0420,ET042094,Galan
ET0420,ET042005,Galan Gudo
ET0420,ET042006,Gefersa Guje
ET0420,ET042007,Koye
ET0420,ET042008,Kura Jida
ET0420,ET042009,Mana Abichu
ET0420,ET042010,Melka Nonno
ET0420,ET042011,Sebeta
ET0420,ET0420112,Sululta
ET0421,ET042106,Dawe Ketchen
ET0421,ET044007,Dawe Serer
ET0421,ET042103,Ginir
ET0421,ET042107,Ginir town
ET0421,ET042101,Gololcha Bale
ET0421,ET042102,Lege Hida
ET0421,ET042104,Rayitu
ET0421,ET042105,Seweyna
ET0422,ET042207,Arero
ET0422,ET044106,Arero
ET0422,ET042222,Assela
ET0422,ET042209,Dhas
ET0422,ET044108,Dhasi
ET0422,ET042205,Gora Dola
ET0422,ET044102,Goro Dola
ET0422,ET044105,Gumi Eldalo
ET0422,ET042206,Gumi Idalo
ET0422,ET042202,Liben
ET0422,ET044104,Liben
ET0422,ET042203,Meda Welabu
ET0422,ET044101,Meda Welabu
ET0422,ET044103,Negele Ketema Astedader
ET0422,ET042201,Negele town
ET0422,ET042204,Oborso
ET0422,ET042208,Wachile
ET0422,ET044107,Wachile
ET0423,ET042323,Bishoftu Town Admnistration
ET0425,ET042525,Dukam
ET0428,ET042828,Nekemte
ET0429,ET042929,Jimma
ET0431,ET043131,Shashamane Ketema Astedader
ET0433,ET043333,Robe Ketema Astedader
ET0434,ET043434,Ambo
ET0435,ET043535,Batu_city Admnstration
ET0436,ET043636,Modjo
ET0437,ET043737,Holeta
ET0438,ET043838,Woliso
ET0439,ET043939,Bishan Guracha City Adiminestration
ET0501,ET050105,Afdem
ET0501,ET050101,Ayisha
ET0501,ET050102,Dembel
ET0501,ET050104,Erer (SM)
ET0501,ET050199,Gablalu
ET0501,ET050198,Gota-Biki
ET0501,ET050106,Hadhagala
ET0501,ET050107,Miesso
ET0501,ET050103,Shinile
ET0502,ET050205,Aw-Bare
ET0502,ET050203,Babile (SM)
ET0502,ET050213,Debub Jigjiga
ET0502,ET050290,Goljano
ET0502,ET050202,Gursum (SM)
ET0502,ET050299,Harawo
ET0502,ET050298,Haroreys
ET0502,ET050207,Harshin
ET0502,ET050293,Jigjiga town
ET0502,ET050296,Kebribayah town
ET0502,ET050206,Kebribeyah
ET0502,ET050297,Koran /Mulla
ET0502,ET050204,Shabeeley
ET0502,ET050283,Tuliguled
ET0502,ET050295,Wajale town
ET0503,ET050395,Ararso
ET0503,ET050303,Aware
ET0503,ET050306,Bilcil-Bur
ET0503,ET050394,Burqod
ET0503,ET050392,Daror
ET0503,ET050307,Degahabur town
ET0503,ET050302,Degehabur
ET0503,ET050301,Degehamedo
ET0503,ET050399,Dig
ET0503,ET050304,Gashamo
ET0503,ET050305,Gunagado
ET0503,ET050382,Yocale
ET0504,ET050402,Fik
ET0504,ET050404,Hamero
ET0504,ET050407,Lagahida
ET0504,ET050408,Meyumuluka
ET0504,ET050497,Qubi
ET0504,ET050403,Salahad
ET0504,ET050499,Wangey
ET0504,ET050498,Yahob
ET0505,ET050599,Bodaley
ET0505,ET050504,Debeweyin
ET0505,ET050598,El-Ogaden
ET0505,ET050595,Goglo
ET0505,ET050597,Higloley
ET0505,ET050502,Kebridehar
ET0505,ET050592,Kebridehar town
ET0505,ET050596,Lasdhankayre
ET0505,ET050586,Marsin
ET0505,ET050501,Shaygosh
ET0505,ET050503,Shilabo
ET0506,ET050699,Aba-Korow
ET0506,ET050602,Adadle
ET0506,ET050609,Beerano
ET0506,ET050608,Berocano
ET0506,ET050603,Danan
ET0506,ET050601,East Imi
ET0506,ET050698,Elale
ET0506,ET050610,Elelle
ET0506,ET050607,Ferfer
ET0506,ET050604,Gode
ET0506,ET050611,Gode Council
ET0506,ET050696,Godey town
ET0506,ET050605,Kelafo
ET0506,ET050606,Mustahil
ET0507,ET050702,Bokh
ET0507,ET050701,Danod
ET0507,ET050705,Daratole
ET0507,ET050788,Daratole
ET0507,ET050703,Galadi
ET0507,ET050799,Galhamur
ET0507,ET050707,Gelahemur
ET0507,ET050706,Lehel Yuob
ET0507,ET050798,Lehel-Yucub
ET0507,ET050704,Warder
ET0507,ET050708,Warder ketema astedader
ET0508,ET050807,Barey
ET0508,ET050802,Charati
ET0508,ET050808,Dolobay
ET0508,ET050804,Elkare /Serer
ET0508,ET050899,God-God
ET0508,ET050806,Hargele
ET0508,ET050898,Kohle /Qoxle
ET0508,ET050809,Raso
ET0508,ET050805,West Imi
ET0509,ET050999,Bokolmayo
ET0509,ET050991,Deka Suftu
ET0509,ET050902,Dolo Ado
ET0509,ET050901,Filtu
ET0509,ET050903,Goro Baqaqsa
ET0509,ET050904,Guradamole
ET0510,ET051001,Ayun
ET0510,ET051006,Dihun
ET0510,ET051002,Elwayne
ET0510,ET051003,Garbo
ET0510,ET051096,Hararey
ET0510,ET051095,Horshagah
ET0510,ET051005,Sagag
ET0511,ET051104,Hudet
ET0511,ET051103,Moyale (SM)
ET0511,ET051187,Mubarek
ET0511,ET051198,Qada Duma
ET0602,ET060207,Bulen
ET0602,ET060201,Dangur
ET0602,ET060205,Dibate
ET0602,ET060200,Gilgel Beles town
ET0602,ET060202,Guba
ET0602,ET060204,Mandura
ET0602,ET060206,Pawe
ET0602,ET060203,Wembera
ET0603,ET060303,Abrahmo
ET0603,ET060309,Assosa town Administration
ET0603,ET060305,Bambasi
ET0603,ET060310,Bambasi town
ET0603,ET060306,Bilidigilu
ET0603,ET060307,Homosha
ET0603,ET060302,Kurmuk
ET0603,ET060301,Menge
ET0603,ET060304,Sherkole
ET0603,ET060308,Undulu
ET0603,ET060311,Ura
ET0603,ET060108,Woreda And
ET0603,ET060109,Woreda Hulet
ET0604,ET060404,Dembe
ET0604,ET060403,Kamashi
ET0604,ET060400,Kamashi town
ET0604,ET060405,Mezniga
ET0604,ET060402,Sedal
ET0604,ET060401,Zayi
ET0605,ET060508,Maokomo Special
ET0701,ET070102,Abeshege
ET0701,ET100106,Agena Ketema Astedader
ET0701,ET100108,Arekit Ketema Astedader
ET0701,ET070110,Cheha
ET0701,ET070116,Emdebir town
ET0701,ET070108,Endiguagn
ET0701,ET070111,Enemor Ener
ET0701,ET070120,Enor Ener
ET0701,ET070103,Ezha
ET0701,ET070104,Gedebano Gutazer Welene
ET0701,ET070113,Geta
ET0701,ET070109,Gumer
ET0701,ET100112,Gunchire Ketema Astedader
ET0701,ET070112,Muhur Na Aklil
ET0701,ET070114,Welkite town
ET0702,ET070215,Ameka
ET0702,ET070208,Analemmo
ET0702,ET100711,Bonosha Town Administration
ET0702,ET070207,Duna
ET0702,ET100709,Fonko Town Administration
ET0702,ET070210,Gibe
ET0702,ET070213,Gimbichu town
ET0702,ET070202,Gombora
ET0702,ET100703,Homecho Town Adminstration
ET0702,ET070211,Hosaena town
ET0702,ET070214,Jajura town
ET0702,ET070203,Lemmo
ET0702,ET070209,Mirab Badowach
ET0702,ET070217,Mirab Soro
ET0702,ET070201,Misha
ET0702,ET070205,Misrak Badawacho
ET0702,ET070204,Shashogo
ET0702,ET070212,Shone town
ET0702,ET070216,Siraro Badawacho
ET0702,ET070206,Soro
ET0703,ET070309,Adilo
ET0703,ET070302,Angacha
ET0703,ET101010,Angecha Ketema Astedader
ET0703,ET070307,Damboya
ET0703,ET101011,Damboya Keteme Astededar
ET0703,ET070306,Doyogena
ET0703,ET070308,Durame town
ET0703,ET070312,Hadero town
ET0703,ET070305,Hadero Tunto
ET0703,ET070304,Kacha Bira
ET0703,ET070303,Kediada Gambela
ET0703,ET070310,Shinshincho town
ET0704,ET070402,Bui town
ET0704,ET070401,Butajira town
ET0704,ET070406,Debub Sodo
ET0704,ET100307,Enseno Ketema Astedader
ET0704,ET070404,Meskan
ET0704,ET070405,Misrak Meskan
ET0704,ET070403,Sodo
ET0705,ET070505,Baka Dawela Ari
ET0705,ET070504,Debub Ari
ET0705,ET070502,Gelila Ketema Astedader
ET0705,ET070506,Jinka Ketema Astedader
ET0705,ET070001,Kebena SP woreda
ET0705,ET070501,Semen Ari
ET0705,ET070503,Woba Ari
ET0706,ET072501,Mareko SP woreda
ET0707,ET070702,Derashe
ET0707,ET100902,Mudula Ketema Astedader
ET0707,ET072601,Tembaro SP woreda
ET0711,ET071101,Amaro Liyu Wereda
ET0713,ET071301,Dilla Bedecha Town
ET0713,ET071303,Dilla Harowelabo Town
ET0713,ET071302,Dilla Sessa Town
ET0714,ET071403,Atote Ulo
ET0714,ET100604,Halaba Ketema Astedader
ET0714,ET071401,Kulito town
ET0714,ET071402,Wera
ET0714,ET071404,Wera Djo
ET0720,ET100515,Alem Gebeya Ketema Astedader
ET0720,ET072001,Alicho Woriro
ET0720,ET072005,Dalocha
ET0720,ET100509,Dalocha Ketema Astedader
ET0720,ET072011,Kibet town
ET0720,ET072003,Lanfero
ET0720,ET072004,Mierab Azenet Berbere
ET0720,ET072007,Misrak Azenet Berbere
ET0720,ET072013,Misrak Siltie
ET0720,ET072012,Mito
ET0720,ET072006,Sankura
ET0720,ET072002,Siltie
ET0720,ET072009,Tora town
ET0720,ET072010,Worabe town
ET0720,ET072008,Wulbareg
ET0724,ET100801,Dori Saja
ET0724,ET100802,Fofa
ET0724,ET100804,Saja Ketama Astedader
ET0724,ET100803,Toba
ET0724,ET072401,Yem
ET0801,ET080121,Abela Abaya
ET0801,ET080114,Areka town
ET0801,ET080123,BaleAwassa town
ET0801,ET080122,Bayera Koyesha
ET0801,ET080115,Boditi town
ET0801,ET080108,Boloso Bombe
ET0801,ET080101,Boloso Sore
ET0801,ET080102,Damot Gale
ET0801,ET080111,Damot Pullasa
ET0801,ET080109,Damot Sore
ET0801,ET080103,Damot Woide
ET0801,ET080112,Duguna Fango
ET0801,ET080117,Gesuba town
ET0801,ET080118,Gununo Hamus town
ET0801,ET080119,Hobicha Abaya
ET0801,ET080104,Humbo
ET0801,ET080120,Kawo Koyesha
ET0801,ET080110,Kindo Daddaye
ET0801,ET080106,Kindo Koyesha
ET0801,ET080107,Ofa
ET0801,ET080113,Sodo town
ET0801,ET080105,Sodo Zuria
ET0801,ET080116,Tebela town
ET0802,ET080201,Arba Minch town
ET0802,ET080202,Arba Minch Zuria
ET0802,ET080203,Birbir town
ET0802,ET080204,Bonke
ET0802,ET080205,Boreda
ET0802,ET080206,Chencha town
ET0802,ET080207,Chencha Zuriya
ET0802,ET080208,Daramalo
ET0802,ET080209,Dita
ET0802,ET080210,Gacho Baba
ET0802,ET080211,Garda Marta
ET0802,ET080212,Geressie
ET0802,ET080213,Geressie town
ET0802,ET080214,Kemba town
ET0802,ET080215,Kemba Zuria
ET0802,ET080216,Kogota /Ezo
ET0802,ET080217,Kucha
ET0802,ET080218,Kucha Alpha
ET0802,ET080219,Mirab Abaya
ET0802,ET080220,Selamber town
ET0803,ET080301,Beto town
ET0803,ET080302,Buleqi town
ET0803,ET080303,Denba Gofa
ET0803,ET080304,Gezei Gofa
ET0803,ET080305,Laha town
ET0803,ET080306,Melekoza
ET0803,ET080307,Melo Gada
ET0803,ET080308,O'yida
ET0803,ET080309,Sawla town
ET0803,ET080310,Uba Debre Tsehay
ET0803,ET080311,Zala
ET0804,ET080403,Aleta Wondo
ET0804,ET080404,Aleta Wondo City Administration
ET0804,ET080401,Basketo SP Woreda
ET0804,ET080406,Bursa
ET0804,ET080407,Chirone
ET0804,ET080410,Dara
ET0804,ET080409,Dara Otilcho
ET0804,ET080408,Hula
ET0804,ET080402,Laska town
ET0804,ET080405,Teticha
ET0805,ET080501,Baka Dawula
ET0805,ET080502,Bura
ET0805,ET080505,Chebe Gambeltu
ET0805,ET080507,Chire
ET0805,ET080503,Daye Ketema Astedader
ET0805,ET080504,Gelila town
ET0805,ET080509,Hoko
ET0805,ET080506,Jinka town
ET0805,ET080508,North Ari
ET0805,ET080511,South Ari
ET0805,ET080513,Wub Ari
ET0806,ET080601,Alle
ET0806,ET070802,Kolango Ketema Astedader
ET0806,ET070801,Kolango Zuriya
ET0807,ET080701,Derashe
ET0807,ET080702,Gidole town
ET0808,ET080801,Amaro
ET0808,ET080802,Kele town
ET0809,ET080903,Karat town
ET0809,ET080902,Karat Zuria
ET0809,ET080901,Kena
ET0809,ET080905,Kolme
ET0809,ET080904,Segen Zuria
ET0810,ET081001,Burji
ET0811,ET081104,Bule
ET0811,ET081112,Chelelektu town
ET0811,ET081108,Churso
ET0811,ET081109,Dila town
ET0811,ET081105,Dila Zuria
ET0811,ET081106,Gedeb
ET0811,ET081110,Gedeb town
ET0811,ET081103,Kochere
ET0811,ET081107,Rape
ET0811,ET081101,Wenago
ET0811,ET081113,Wonago town
ET0811,ET081102,Yirgachefe
ET0811,ET081111,Yirgachefe town
ET0812,ET070603,Bena Tsemay
ET0812,ET081201,Bena Tsemay
ET0812,ET070607,Dasenech
ET0812,ET081202,Dasenech /Kuraz
ET0812,ET070604,Hamer
ET0812,ET081203,Hamer
ET0812,ET081204,Malie
ET0812,ET070602,Malle
ET0812,ET070606,Nyangatom
ET0812,ET081205,Nyngatom
ET0812,ET070601,Salamago
ET0812,ET081206,Salamago
ET0812,ET070605,Turmi Ketema Astedader
ET0812,ET081207,Turmi town
ET1101,ET110101,Anderacha
ET1101,ET110102,Masha
ET1101,ET110105,Masha town
ET1101,ET110104,Tepi
ET1101,ET110103,Yeki
ET1102,ET110205,Adiyio
ET1102,ET110216,Awurada town
ET1102,ET110210,Bita
ET1102,ET110211,Bonga town
ET1102,ET110209,Chena
ET1102,ET110207,Cheta
ET1102,ET110208,Decha
ET1102,ET110215,Deka town
ET1102,ET110202,Gesha
ET1102,ET110203,Gewata
ET1102,ET110204,Gimbo
ET1102,ET110212,Goba (SP)
ET1102,ET110201,Saylem
ET1102,ET110217,Shishinda town
ET1102,ET110213,Shisho Ande
ET1102,ET110206,Tullo
ET1102,ET110214,Wacha town
ET1103,ET110303,Debub Bench
ET1103,ET110306,Gidi Bench
ET1103,ET110302,Gurafereda
ET1103,ET110307,Mizan Aman town
ET1103,ET110305,Semen Bench
ET1103,ET110304,Shay Bench
ET1103,ET110301,Sheko
ET1103,ET110308,Size town
ET1104,ET110409,Disa
ET1104,ET110405,Esara
ET1104,ET110404,Gena
ET1104,ET090604,Gena Bosa
ET1104,ET110412,Gesa town
ET1104,ET110406,Kachi
ET1104,ET110403,Loma
ET1104,ET110402,Mareka
ET1104,ET110408,Mari Mansa
ET1104,ET110411,Tercha town
ET1104,ET110407,Tercha Zuriya
ET1104,ET110401,Tocha
ET1104,ET110410,Zabagazo
ET1105,ET110509,Bachuma town
ET1105,ET090305,Bero
ET1105,ET110505,Bero
ET1105,ET090301,Gachit
ET1105,ET110501,Gachit
ET1105,ET090304,Gori Gesha
ET1105,ET110503,Gori Gesha
ET1105,ET110510,Jemu town
ET1105,ET090307,Maji
ET1105,ET110507,Maji
ET1105,ET110511,Maji Tum town
ET1105,ET090302,Menit Goldia
ET1105,ET110502,Menit Goldiye
ET1105,ET090303,Menit Shasha
ET1105,ET110504,Menit Shasha
ET1105,ET090306,Surma
ET1105,ET110506,Surma
ET1106,ET110603,Amaya town
ET1106,ET110605,Ameya Zuria
ET1106,ET110602,Chida town
ET1106,ET110604,Elahanchano
ET1106,ET110601,Konta Koysha
ET1201,ET120101,Akobo
ET1201,ET120103,Jikawo
ET1201,ET120102,Lare
ET1201,ET120105,Makuey
ET1201,ET120104,Wantawo
ET1202,ET120201,Abobo
ET1202,ET120205,Dima (GM)
ET1202,ET120200,Gambela National Park
ET1202,ET120206,Gambela town
ET1202,ET120202,Gambela Zuria
ET1202,ET120203,Gog
ET1202,ET120204,Jore
ET1203,ET120301,Godere
ET1203,ET120308,Mengesh
ET1204,ET120407,Itang
ET1301,ET130109,Abadir
ET1301,ET130108,Aboker
ET1301,ET130107,Amir Nur
ET1301,ET130106,Dire Teyara
ET1301,ET130105,Erer (HR)
ET1301,ET130104,Hakim
ET1301,ET130103,Jinela
ET1301,ET130102,Shenkor
ET1301,ET130101,Sofi
ET1401,ET140108,Addis Ketema Sub City
ET1401,ET140101,Akaki Kality Sub City
ET1401,ET140109,Arada Sub City
ET1401,ET140104,Bole Sub City
ET1401,ET140110,Gulele Sub City
ET1401,ET140106,Kirkos Sub City
ET1401,ET140103,Kolfe Keraniyo Sub City
ET1401,ET140111,Lemi Kura Sub City
ET1401,ET140105,Lideta Sub City
ET1401,ET140102,Nifas Silk Lafto Sub City
ET1401,ET140107,Yeka Sub City
ET1402,ET140201,Wereda 01
ET1402,ET140202,Wereda 02
ET1402,ET140203,Wereda 03
ET1402,ET140204,Wereda 04
ET1402,ET140205,Wereda 05
ET1402,ET140206,Wereda 06
ET1402,ET140207,Wereda 07
ET1402,ET140208,Wereda 08
ET1402,ET140209,Wereda 09
ET1402,ET140210,Wereda 10
ET1403,ET140301,Wereda 01
ET1403,ET140302,Wereda 02
ET1403,ET140303,Wereda 03
ET1403,ET140304,Wereda 04
ET1403,ET140305,Wereda 05
ET1403,ET140306,Wereda 06
ET1403,ET140307,Wereda 07
ET1403,ET140308,Wereda 08
ET1403,ET140309,Wereda 09
ET1403,ET140310,Wereda 10
ET1403,ET140311,Wereda 11
ET1403,ET140312,Wereda 12
ET1403,ET140313,Wereda 13
ET1403,ET140314,Wereda 14
ET1403,ET140315,Wereda 15
ET1404,ET140401,Wereda 01
ET1404,ET140402,Wereda 02
ET1404,ET140403,Wereda 03
ET1404,ET140404,Wereda 04
ET1404,ET140405,Wereda 05
ET1404,ET140406,Wereda 06
ET1404,ET140407,Wereda 07
ET1404,ET140408,Wereda 08
ET1404,ET140409,Wereda 09
ET1404,ET140410,Wereda 10
ET1405,ET140501,Wereda 01
ET1405,ET140502,Wereda 02
ET1405,ET140503,Wereda 03
ET1405,ET140504,Wereda 04
ET1405,ET140505,Wereda 05
ET1405,ET140506,Wereda 06
ET1405,ET140507,Wereda 07
ET1405,ET140508,Wereda 08
ET1405,ET140509,Wereda 09
ET1405,ET140510,Wereda 10
ET1405,ET140511,Wereda 11
ET1406,ET140601,Wereda 01
ET1406,ET140602,Wereda 02
ET1406,ET140603,Wereda 03
ET1406,ET140604,Wereda 04
ET1406,ET140605,Wereda 05
ET1406,ET140606,Wereda 06
ET1406,ET140607,Wereda 07
ET1406,ET140608,Wereda 08
ET1406,ET140609,Wereda 09
ET1406,ET140610,Wereda 10
ET1407,ET140701,Wereda 01
ET1407,ET140702,Wereda 02
ET1407,ET140703,Wereda 03
ET1407,ET140704,Wereda 04
ET1407,ET140705,Wereda 05
ET1407,ET140706,Wereda 06
ET1407,ET140707,Wereda 07
ET1407,ET140708,Wereda 08
ET1407,ET140709,Wereda 09
ET1407,ET140710,Wereda 10
ET1407,ET140711,Wereda 11
ET1407,ET140712,Wereda 12
ET1408,ET140801,Wereda 01
ET1408,ET140802,Wereda 02
ET1408,ET140803,Wereda 03
ET1408,ET140804,Wereda 04
ET1408,ET140805,Wereda 05
ET1408,ET140806,Wereda 06
ET1408,ET140807,Wereda 07
ET1408,ET140809,Wereda 09
ET1408,ET140811,Wereda 11
ET1408,ET140812,Wereda 12
ET1408,ET140813,Wereda 13
ET1408,ET140814,Wereda 14
ET1409,ET140901,Wereda 01
ET1409,ET140902,Wereda 02
ET1409,ET140903,Wereda 03
ET1409,ET140904,Wereda 04
ET1409,ET140905,Wereda 05
ET1409,ET140906,Wereda 06
ET1409,ET140907,Wereda 07
ET1409,ET140908,Wereda 08
ET1409,ET140909,Wereda 09
ET1409,ET140910,Wereda 10
ET1409,ET140911,Wereda 11
ET1409,ET140912,Wereda 12
ET1409,ET140913,Wereda 13
ET1409,ET140915,Wereda 15
ET1410,ET141001,Wereda 01
ET1410,ET141002,Wereda 02
ET1410,ET141003,Wereda 03
ET1410,ET141004,Wereda 04
ET1410,ET141005,Wereda 05
ET1410,ET141006,Wereda 06
ET1410,ET141007,Wereda 07
ET1410,ET141008,Wereda 08
ET1410,ET141009,Wereda 09
ET1410,ET141010,Wereda 10
ET1410,ET141011,Wereda 11
ET1410,ET141012,Wereda 12
ET1410,ET141013,Wereda 13
ET1411,ET141101,Wereda 01
ET1411,ET141102,Wereda 02
ET1411,ET141103,Wereda 03
ET1411,ET141104,Wereda 04
ET1411,ET141105,Wereda 05
ET1411,ET141106,Wereda 06
ET1411,ET141107,Wereda 07
ET1411,ET141108,Wereda 08
ET1411,ET141109,Wereda 09
ET1411,ET141110,Wereda 10
ET1411,ET141111,Wereda 11
ET1501,ET150101,01 Woreda Astedadar
ET1501,ET150102,02 Woreda Astedadar
ET1501,ET150106,06 Woreda Astedadar
ET1501,ET150107,07 Woreda Astedadar
ET1501,ET150108,08 Woreda Astedadar
ET1501,ET150109,Addis Ketema (DD)
ET1501,ET150111,Dechatu
ET1501,ET150110,Gende Kore
ET1501,ET150112,Hafat Issa
ET1501,ET150113,Kazira
ET1501,ET150105,Legehare
ET1501,ET150104,Malka Jabti /M.Jebdu)
ET1501,ET150114,Police Maret
ET1501,ET150103,Sabian
ET1502,ET150201,Aseliso
ET1502,ET150208,Biyoawale
ET1502,ET150206,Jeldessa
ET1502,ET150207,Wahil
ET1600,ET160016,Aleta Chuko
ET1600,ET160005,Aleta Wendo
ET1600,ET160021,Aleta Wondo town
ET1600,ET160003,Arbegona
ET1600,ET160009,Aroresa
ET1600,ET160008,Bensa
ET1600,ET160032,Bilate Zuria
ET1600,ET160017,Bona Zuria
ET1600,ET160010,Boricha
ET1600,ET160024,Bura
ET1600,ET160015,Bursa
ET1600,ET160029,Chabe Gambeltu
ET1600,ET160014,Chire
ET1600,ET160027,Chirone
ET1600,ET160035,Chuko town
ET1600,ET160034,Daella
ET1600,ET160004,Dale
ET1600,ET160006,Dara
ET1600,ET160025,Dara Otilicho
ET1600,ET160033,Darara
ET1600,ET160030,Daye town
ET1600,ET160011,Gorche
ET1600,ET160018,Hawasa town
ET1600,ET160002,Hawassa Zuria
ET1600,ET160023,Hawela
ET1600,ET160031,Hokko
ET1600,ET160007,Hulla
ET1600,ET160022,Leku town
ET1600,ET160037,Loka Abaya
ET1600,ET160012,Malga
ET1600,ET160028,Shafamo
ET1600,ET160001,Shebe Dino
ET1600,ET160026,Teticha
ET1600,ET160019,Wondo-Genet
ET1600,ET160036,Wondo-Genet town
ET1600,ET160013,Wonosho
ET1600,ET160020,Yirgalem town
